{"coefRectangleX1": 0.03906, "coefRectangleY1": 0.06944, "coefRectangleX2": 0.78515, "coefRectangleY2": 0.74405, "upperBornRed": "(9, 255, 255)", "lowerBornRed": "(0, 154, 197)", "largeurBillard": 395, "longueurBillard": 800, "epaisseurBordBillard": 55, "diametreBille": 61.5, "homography": [[-0.11495186609154216, 3.421174008842985, -216.40809203691296], [3.098397367743563, 0.30437059761358354, -623.9387043574022], [4.447966472995392e-05, 0.0003652784090754966, 1.0]], "tpsTraceTrajectoire": 3, "tpsAjoutTrajectoire": 0.2, "tpsArret": 2, "seuilArret": 10, "seuilRebond": 200, "coeftextInfoX": 0.84114, "coeftextMoovY": 0.18519, "coeftextCmdY": 0.77037, "coefRectangeX1": 0.0388, "coefRectangeY1": 0.06898, "coefRectangeX2": 0.7849, "coefRectangeY2": 0.74398}