{"coefRectangleX1": 0.04349, "coefRectangleY1": 0.07361, "coefRectangleX2": 0.76797, "coefRectangleY2": 0.71435, "upperBornRed": "(9, 255, 255)", "lowerBornRed": "(0, 154, 197)", "largeurBillard": 395, "longueurBillard": 800, "epaisseurBordBillard": 55, "diametreBille": 61.5, "homography": [[-0.0332965634693327, 3.5296419230584, -114.32256331863319], [3.1605801860586946, 0.23070261069161166, -596.9971399146121], [0.00010108478960249868, 0.00034339049523008795, 1.0]], "tpsTraceTrajectoire": 3, "tpsAjoutTrajectoire": 0.01, "tpsArret": 2, "seuilArret": 10, "seuilRebond": 200, "coeftextInfoX": 0.84114, "coeftextMoovY": 0.18519, "coeftextCmdY": 0.84741}