{"coefRectangleX1": 0.04349, "coefRectangleY1": 0.07361, "coefRectangleX2": 0.76797, "coefRectangleY2": 0.71435, "upperBornRed": "(9, 255, 255)", "lowerBornRed": "(0, 154, 197)", "largeurBillard": 395, "longueurBillard": 800, "epaisseurBordBillard": 55, "diametreBille": 61.5, "homography": [[-0.03821311232520807, 3.465354343975268, -110.83110476417289], [3.057089042331104, 0.22449275676457645, -566.8295403070201], [2.690631136559604e-05, 0.0003687417655359095, 1.0]], "tpsTraceTrajectoire": 3, "tpsAjoutTrajectoire": 0.01, "tpsArret": 2, "seuilArret": 10, "seuilRebond": 200, "coeftextInfoX": 0.84114, "coeftextMoovY": 0.18519, "coeftextCmdY": 0.84741}