{"coefRectangleX1": 0.04245, "coefRectangleY1": 0.07315, "coefRectangleX2": 0.7901, "coefRectangleY2": 0.74861, "upperBornRed": "(9, 255, 255)", "lowerBornRed": "(0, 154, 197)", "largeurBillard": 395, "longueurBillard": 800, "epaisseurBordBillard": 55, "diametreBille": 61.5, "homography": [[-0.1139290735037416, 3.549490434916609, -266.06925237456835], [3.229909378391073, 0.3223964824106182, -649.493492970719], [0.00011423742492296985, 0.0004196246084474422, 1.0]], "tpsTraceTrajectoire": 3, "tpsAjoutTrajectoire": 0.1, "tpsArret": 2, "seuilArret": 10, "seuilRebond": 200, "coeftextInfoX": 0.84114, "coeftextMoovY": 0.18519, "coeftextCmdY": 0.77037}