{"coefRectangleX1": 0.04349, "coefRectangleY1": 0.07407, "coefRectangleX2": 0.76172, "coefRectangleY2": 0.69074, "upperBornRed": "(9, 255, 255)", "lowerBornRed": "(0, 154, 197)", "largeurBillard": 395, "longueurBillard": 800, "epaisseurBordBillard": 55, "diametreBille": 61.5, "homography": [[0.0027248067277505753, 3.4823020331932955, -75.09835576917433], [3.0848873213112107, 0.22928711990034745, -613.123615307229], [3.550536075213e-05, 0.0004085045028250678, 1.0]], "tpsTraceTrajectoire": 3, "tpsAjoutTrajectoire": 0.01, "tpsArret": 2, "seuilArret": 10, "seuilRebond": 200, "coeftextInfoX": 0.84114, "coeftextMoovY": 0.18519, "coeftextCmdY": 0.77037}