{"coefRectangleX1": 0.04349, "coefRectangleY1": 0.07361, "coefRectangleX2": 0.76797, "coefRectangleY2": 0.71435, "upperBornRed": "(9, 255, 255)", "lowerBornRed": "(0, 154, 197)", "largeurBillard": 395, "longueurBillard": 800, "epaisseurBordBillard": 55, "diametreBille": 61.5, "homography": [[-0.049757713076826464, 3.500854888796121, -109.87113110125513], [3.115207734284213, 0.22770601575090374, -587.9443892834959], [6.18711713917958e-05, 0.0003401219326177901, 1.0]], "tpsTraceTrajectoire": 3, "tpsAjoutTrajectoire": 0.01, "tpsArret": 2, "seuilArret": 10, "seuilRebond": 200, "coeftextInfoX": 0.84114, "coeftextMoovY": 0.18519, "coeftextCmdY": 0.84741}