{"coefRectangleX1": 0.03906, "coefRectangleY1": 0.06944, "coefRectangleX2": 0.78515, "coefRectangleY2": 0.74405, "upperBornRed": "(9, 255, 255)", "lowerBornRed": "(0, 154, 197)", "largeurBillard": 395, "longueurBillard": 800, "epaisseurBordBillard": 55, "diametreBille": 61.5, "homography": [[-0.1273136043094885, 3.4754444412994405, -239.0798880061097], [3.1479146672729597, 0.33992079185848356, -629.7016014522408], [7.381308953589028e-05, 0.0004079425773556013, 1.0]], "tpsTraceTrajectoire": 3, "tpsAjoutTrajectoire": 0.2, "tpsArret": 2, "seuilArret": 10, "seuilRebond": 200, "coeftextInfoX": 0.84114, "coeftextMoovY": 0.18519, "coeftextCmdY": 0.77037}