{"coefRectangleX1": 0.04349, "coefRectangleY1": 0.07407, "coefRectangleX2": 0.76172, "coefRectangleY2": 0.69074, "upperBornRed": "(9, 255, 255)", "lowerBornRed": "(0, 154, 197)", "largeurBillard": 395, "longueurBillard": 800, "epaisseurBordBillard": 55, "diametreBille": 61.5, "homography": [[-0.0507102642782644, 3.541465331628793, -93.47739572816027], [3.1331090111139903, 0.2637850436859584, -629.8458998922132], [5.937008789672025e-05, 0.0004174996392801146, 1.0]], "tpsTraceTrajectoire": 3, "tpsAjoutTrajectoire": 0.01, "tpsArret": 2, "seuilArret": 10, "seuilRebond": 200, "coeftextInfoX": 0.84114, "coeftextMoovY": 0.18519, "coeftextCmdY": 0.84741}