{"coefRectangleX1": 0.03906, "coefRectangleY1": 0.06944, "coefRectangleX2": 0.78515, "coefRectangleY2": 0.74405, "upperBornRed": "(9, 255, 255)", "lowerBornRed": "(0, 154, 197)", "largeurBillard": 395, "longueurBillard": 800, "epaisseurBordBillard": 55, "diametreBille": 61.5, "homography": [[-0.1565441556219432, 3.427259134494586, -164.31427349244578], [3.0954508983151876, 0.33481966707789773, -613.0056132281774], [3.622762060886762e-05, 0.000369266184154191, 1.0]], "tpsTraceTrajectoire": 3, "tpsAjoutTrajectoire": 0.2, "tpsArret": 2, "seuilArret": 10, "seuilRebond1": 200, "coeftextInfoX": 0.84114, "coeftextMoovY": 0.18519, "coeftextCmdY": 0.77037}